feature	auroc
adamic	0.8845944867987198
edge_prior	0.7969308881480673
jaccard	0.8914668335671452
preferential_attachment	0.7990302273931809
resource_allocation	0.900402219383437
rwr	0.9997056180469843
